field,type,unit,required,scope,definition
benchmark_version,string,,yes,run,Frozen Observatory benchmark version
observatory_commit,string,,yes,run,Exact source commit
ns3_version,string,,yes,run,Exact ns-3 release
protocol,string,,yes,run,Evaluated implementation label
scenario_id,string,,yes,run,Frozen scenario identifier
seed,integer,,yes,run,ns-3 seed
run_number,integer,,yes,run,ns-3 run number
node_count,integer,nodes,yes,scenario,Number of simulated nodes
area_width_m,float,m,yes,scenario,Scenario width
area_height_m,float,m,yes,scenario,Scenario height
mobility_model,string,,yes,scenario,Mobility process
max_speed_mps,float,m/s,yes,scenario,Configured maximum mobility speed
traffic_model,string,,yes,scenario,Application traffic process
packet_rate_pps,float,packets/s,yes,scenario,Per-source application packet rate
payload_bytes,integer,bytes,yes,scenario,Application payload bytes per packet
measurement_start_s,float,s,yes,run,Start of admitted measurement interval
measurement_end_s,float,s,yes,run,End of admitted measurement interval
socket_bind_status,integer,,yes,diagnostic,UDP source bind return status
tx_attempts,integer,packets,yes,diagnostic,Application datagrams offered to the socket
tx_rejected,integer,packets,yes,diagnostic,Offered datagrams synchronously rejected by the socket or routing path
socket_accepted_packets,integer,packets,yes,diagnostic,Offered datagrams accepted by SendTo
app_packets_sent,integer,packets,yes,run,Application datagrams offered by the source within the accounting boundary
app_packets_received,integer,packets,yes,run,Application packets delivered within same accounting boundary
app_payload_bytes_sent,integer,bytes,yes,run,Application payload bytes offered by the source
app_payload_bytes_received,integer,bytes,yes,run,Application payload bytes delivered
pdr,float,ratio,yes,derived,app_packets_received/app_packets_sent when sent > 0
goodput_bps,float,bits/s,yes,derived,8*app_payload_bytes_received/measurement_duration
mean_delay_ms,float,ms,conditional,derived,Mean matched-packet application end-to-end delay
median_delay_ms,float,ms,conditional,derived,Median matched-packet application end-to-end delay
p95_delay_ms,float,ms,conditional,derived,95th percentile matched-packet application end-to-end delay
mean_jitter_ms,float,ms,conditional,derived,Frozen inter-packet delay-variation estimator
matched_packets,integer,packets,yes,run,Packets with validated send/receive identity
exit_status,integer,,yes,provenance,Simulation process exit status
validity_status,string,,yes,provenance,PASS or explicit invalid reason
