seed_set,seed,run_number,purpose,status
S2,12011,1,confirmatory,predeclared
S2,13007,1,confirmatory,predeclared
S2,14009,1,confirmatory,predeclared
S2,15013,1,confirmatory,predeclared
S2,16001,1,confirmatory,predeclared
S2,17011,1,confirmatory,predeclared
S2,18013,1,confirmatory,predeclared
S2,19001,1,confirmatory,predeclared
S2,20011,1,confirmatory,predeclared
S2,21001,1,confirmatory,predeclared
S2,22003,1,confirmatory,predeclared
S2,23003,1,confirmatory,predeclared
S2,24001,1,confirmatory,predeclared
S2,25013,1,confirmatory,predeclared
S2,26003,1,confirmatory,predeclared
S2,27011,1,confirmatory,predeclared
S2,28001,1,confirmatory,predeclared
S2,29009,1,confirmatory,predeclared
S2,30011,1,confirmatory,predeclared
S2,31013,1,confirmatory,predeclared
