evidence_id,study_id,algorithm,evidence_role,decision_role,information_scope,temporal_mode,mechanism,capability,structural_cost,evaluation_context,comparability_class,evidence_maturity,verified_claim,gap_tags,status
CE001,M0001,DSDV,foundational mechanism,next-hop route selection,network,proactive,destination sequence numbers with periodic and triggered table dissemination,loop-free freshness-ordered distance-vector routing,continuous dissemination and per-destination state,foundational protocol paper,not_applicable,E0,Defines DSDV as a table-driven routing scheme using sequence numbers to distinguish stale from new routes,G-EVAL,V3
CE002,M0002,AODV,protocol definition,on-demand route acquisition,path/local,reactive,RREQ/RREP route discovery with destination sequence numbers and route-error maintenance,on-demand loop-free routing without maintaining inactive routes,route-discovery latency flooding and repair signaling,RFC specification,not_applicable,E0,Defines reactive route discovery and maintenance using sequence-number freshness,G-EVAL,V3
CE003,M0004,DSR,protocol definition,source-route acquisition and maintenance,path/source,reactive,route discovery route maintenance source routes and route caches,on-demand routing without periodic routing advertisements,source-route header growth and cache-staleness exposure,RFC specification,not_applicable,E0,Defines source routing in which packet headers carry the ordered route and nodes may cache routing information,G-EVAL,V3
CE004,M0003,OLSR,protocol definition,proactive topology routing,neighbor/network,proactive,HELLO and topology-control signaling with multipoint relays,reduced redundant flooding while maintaining routes proactively,continuous control state and MPR/topology dependence,RFC specification,not_applicable,E0,Defines MPR-based optimization of link-state dissemination in mobile ad hoc networks,G-EVAL,V3
CE005,M0005,AOMDV,foundational mechanism and evaluation,multipath route acquisition,path,reactive,AODV-derived discovery maintaining multiple loop-free disjoint paths,alternate paths can reduce immediate rediscovery after route failure,additional route state and multipath maintenance,original peer-reviewed study,not_assigned,E1,Primary AOMDV source registered; quantitative extraction remains pending before comparative synthesis,G-REP|G-EVAL,V3_partial
CE006,M0012,AODV;OLSR;DSDV,evaluation validity,route performance under channel assumptions,scenario,controlled,controlled ns-3 comparison across propagation assumptions,demonstrates that apparent protocol ranking can depend materially on propagation-model choice,external validity is limited when propagation assumptions are selected without justification,controlled methodology study,C4,E4,Changing propagation assumptions can dissolve or reverse relative performance conclusions among selected classical protocols,G-ROB|G-CONTRA,V3
CE007,M0022,GPSR,foundational mechanism,next-hop forwarding,neighbor/geographic,reactive-local,greedy geographic forwarding with perimeter recovery,route using local position rather than global topology state,requires location service and neighbor-position freshness,foundational peer-reviewed study,not_assigned,E0,GPSR establishes geographic forwarding as a distinct information regime from topology-based MANET routing,G-EVAL,V3
CE008,M0023,MQ-Routing,primary intelligent mechanism,adaptive next-hop/path choice,local/path,learning,Q-learning with mobility GPS and energy state,online route adaptation for mobile disaster scenarios,learning state reward design and feedback cost,peer-reviewed MANET study,C1,E2,Adaptive reinforcement-based routing in MANETs predates current deep-learning methods and already combines mobility position and energy information,G-GEN|G-COST,V3
CE009,M0024,Q-Routing CPN,primary intelligent mechanism,adaptive path choice,local/path,learning,acknowledgment feedback with stability-delay reward,online QoS-oriented adaptation to topology change,feedback traffic and reward-specific behavior,peer-reviewed MANET study,C1,E2,Online Q-learning adaptation with explicit stability and delay objectives is established prior art,G-GEN|G-COST,V3
CE010,M0025,Ant multipath backbone,primary metaheuristic mechanism,multipath route choice,path,adaptive,ant-colony path preference from next-hop availability delay and bandwidth,load-balanced multipath routing,metaheuristic search and multipath maintenance,peer-reviewed MANET study,C1,E2,Swarm-based adaptive multipath load balancing is established MANET prior art,G-EVAL|G-COST,V3
CE011,M0026,SD-GPSR,primary cross-layer mechanism,next-hop and void recovery,local/controller,hybrid,geographic forwarding plus software-defined assistance and A-star recovery,reduces control burden while addressing geographic voids,controller/location-service assumptions,peer-reviewed SD-MANET study,C1,E2,Geographic and software-defined hybrid routing is established prior art,G-GEN|G-REAL,V3
CE012,M0027,Federated trust routing,primary intelligent mechanism,trust-aware route choice,distributed,learning,federated learning with multiobjective trust optimization,distributed security-aware routing without centralizing raw learning data,federated coordination training and trust-model cost,peer-reviewed MANET study,C1,E2,Federated and multiobjective trust-aware MANET routing is established prior art,G-COST|G-GEN,V3
CE013,M0028,MADRL-GNN,primary intelligent mechanism,dynamic decentralized route choice,graph/distributed,learning,real-time GNN embeddings with multi-agent deep reinforcement learning,topology-aware decentralized adaptive routing,model inference training and inter-agent information cost,peer-reviewed MANET study,C1,E2,MARL plus GNN dynamic MANET routing is established prior art,G-GEN|G-COST|G-ROB,V3
CE014,M0029,Decision-transformer GNN,adjacent intelligent mechanism,trust-aware routing,graph/distributed,learning,GNN and decision-transformer trust-aware routing,security-aware intelligent route decisions in MANET-IoT setting,model complexity and boundary-population transfer,peer-reviewed MANET-IoT study,C1,E2,GNN and transformer trust-aware routing exists in adjacent MANET-IoT literature,G-GEN|G-COST,V3
CE015,M0030,Secure Q-learning,primary intelligent mechanism,secure route choice,local/path,learning,reputation-guided Q-learning with representation learning,adaptive avoidance of malicious nodes,trust observation learning and representation cost,peer-reviewed MANET study,C1,E2,Security-aware Q-learning MANET routing is established prior art,G-ROB|G-COST,V3
