id,year,protocol,family,problem_targeted,core_mechanism,information_scope,route_timing,capability_gained,structural_cost,primary_source,status,benchmark_tier
C01,1994,DSDV,proactive distance-vector,loops and slow convergence in dynamic distance-vector routing,destination sequence numbers plus periodic/incremental table updates,network-wide destination state,proactive,loop-safe freshness ordering,continuous routing-state dissemination,10.1145/190809.190336,foundational,T1
C02,2003,AODV,reactive distance-vector,cost of maintaining routes that are not actively needed,on-demand RREQ/RREP plus destination sequence numbers,path/local dissemination during discovery,reactive,on-demand loop-free route acquisition,discovery latency and flood/repair cost,10.17487/RFC3561,experimental RFC,T1
C03,2007,DSR,reactive source routing,on-demand routing without periodic table exchange,route discovery plus source routing and route caches,path/source knowledge,reactive,on-demand multiple cached routes,packet header growth and cache-staleness risk,10.17487/RFC4728,experimental RFC,T1
C04,2003,OLSR,proactive link-state,link-state flooding overhead in dense MANETs,multipoint relays for flooding and topology reduction,neighborhood plus distributed topology,proactive,immediate routes with reduced flooding,periodic control maintenance and MPR sensitivity,10.17487/RFC3626,experimental RFC,T1
C05,2002,ZRP,hybrid,tradeoff between proactive maintenance and global reactive search,proactive local routing zones plus reactive inter-zone discovery,local zone plus queried global reach,hybrid,tunable locality/search tradeoff,zone-radius selection and dual-mechanism complexity,draft-ietf-manet-zone-zrp-04,expired IETF draft,T2
C06,2001,TORA,link-reversal adaptive,far-reaching reaction to topology changes,temporally ordered link reversal and localized control,primarily one-hop neighbor state,reactive/proactive per destination,localized repair with multipath structure,per-destination state and temporal/reference-level machinery,draft-ietf-manet-tora-spec-04,expired IETF draft,T2
C07,2006,AOMDV,reactive multipath,repeated discovery after mobility-induced path failure,loop-free link-disjoint alternate paths extending AODV,path alternatives,reactive,route-failure tolerance without immediate rediscovery,extra path state and alternate-path maintenance,10.1002/wcm.432,peer-reviewed,T1
C08,2014,OLSRv2,proactive link-state,flexibility and efficiency limitations of OLSRv1,MPR flooding/topology reduction with metric-aware routing and RFC5444 signaling,neighborhood plus topology,proactive,metric-aware proactive MANET routing,continuous signaling and topology-state maintenance,10.17487/RFC7181,standards track,T2
C09,2021,Babel,loop-avoiding distance-vector,reconvergence pathologies in dynamic wired/wireless routing,feasibility-based loop avoidance with triggered/periodic updates,neighbor plus prefix/route state,proactive/adaptive,fast loop-safe reconvergence in dynamic wireless mesh,metric/update dynamics and implementation availability for MANET benchmark,10.17487/RFC8966,standards track,T2
