study_id,year,title,venue,identifier,scope,study_type,families,evidence_role,verification_state,in_primary_population,notes
M0001,1994,Highly dynamic Destination-Sequenced Distance-Vector routing (DSDV) for mobile computers,ACM SIGCOMM,10.1145/190809.190336,MANET,foundational,DSDV,mechanism,V1,yes,
M0002,2003,Ad hoc On-Demand Distance Vector (AODV) Routing,IETF RFC 3561,10.17487/RFC3561,MANET,specification,AODV,protocol definition,V1,yes,
M0003,2003,Optimized Link State Routing Protocol (OLSR),IETF RFC 3626,10.17487/RFC3626,MANET,specification,OLSR,protocol definition,V1,yes,
M0004,2007,The Dynamic Source Routing Protocol (DSR) for Mobile Ad Hoc Networks for IPv4,IETF RFC 4728,10.17487/RFC4728,MANET,specification,DSR,protocol definition,V1,yes,
M0005,2006,Ad hoc on-demand multipath distance vector routing,Wireless Communications and Mobile Computing,10.1002/wcm.432,MANET,foundational,AOMDV,mechanism and evaluation,V1,yes,
M0006,2014,The Optimized Link State Routing Protocol Version 2,IETF RFC 7181,10.17487/RFC7181,MANET,specification,OLSRv2,protocol definition,V1,yes,
M0007,2021,The Babel Routing Protocol,IETF RFC 8966,10.17487/RFC8966,wireless mesh/adjacent,specification,Babel,protocol definition,V1,no,Transfer candidate; not automatically treated as MANET evidence
M0008,2024,Evaluating the quality of service of Opportunistic Mobile Ad Hoc Network routing algorithms on real devices: A software-driven approach,Ad Hoc Networks,S1570870524002026,opportunistic MANET,empirical testbed,opportunistic routing,simulation-to-real evidence,V2,yes,Reports simulation mobility as optimistic relative to real-device testbed
M0009,2026,MANET studies as experimental artifacts: a PRISMA-guided review of contemporary evaluation orientation reporting completeness and reproducibility,Future Technology,10.55670/fpll.futech.5.2.13,MANET,systematic review,all,evaluation/reproducibility meta-evidence,V2,yes,20 studies from 2020 to 12 Aug 2025
M0010,2026,Evolving MANETs toward secure scalable and intelligent networks,Discover Internet of Things,10.1007/s43926-026-00376-w,MANET,systematic integrated review,routing;security;energy;intelligent methods,closest-review/non-redundancy evidence,V2,yes,Covers 2000-2025
M0011,2026,A Decision-Centered Survey of Machine Learning for Routing in Ad Hoc Networks: MANETs VANETs and FANETs,Electronics,10.3390/electronics15194424,MANET/VANET/FANET,survey,ML;RL;DRL;MARL;GNN,learning taxonomy/evaluation audit,V2,partial,92-paper corpus; 37-paper analytical core; scope broader than MANET
M0012,2026,Inappropriate propagation model selection in ad hoc networks routing studies,Ad Hoc Networks,10.1016/j.adhoc.2026.104417,MANET,empirical methodology,AODV;OLSR;DSDV,propagation sensitivity/ranking validity,V2,yes,32-study bibliometric audit plus controlled ns-3 experiments
M0013,2026,Next-Generation FANET Routing: A Systematic Review of Mobility Models Routing Protocol Families and Future Research Roadmap,International Journal of Networked and Distributed Computing,10.1007/s44227-026-00104-4,FANET,systematic review,FANET routing,adjacent-transfer taxonomy,V2,no,192 included papers; retained to delimit adjacent high-mobility literature
M0014,2026,A descriptive systematic review of contemporary MANET security research: themes design structures and reporting rigor,Future Technology,,MANET,systematic review,security/trust,security evidence/reporting meta-evidence,V2,yes,51 studies from Jan-Aug 2025
M0015,2024,An adaptive intelligent routing algorithm based on deep reinforcement learning,Computer Communications,10.1016/j.comcom.2023.12.039,MANET,empirical method,DRL,primary intelligent-routing evidence,V2,yes,PER-D3QN adaptive routing; quantitative V3 extraction pending
M0016,2025,A Resilient Routing Protocol to Reduce Update Cost by Unsupervised Learning and Deep Reinforcement Learning in Mobile Ad Hoc Networks,Electronics,10.3390/electronics14010166,MANET,empirical method,RL;DRL;clustering,scalability and update-cost evidence,V2,yes,Targets RL update overhead and state-action scalability; V3 extraction pending
M0017,2025,A resilient routing strategy based on deep reinforcement learning for urban emergency communication networks,Computer Networks,10.1016/j.comnet.2024.110898,MANET/urban emergency,empirical method,DRL,resilience evidence,V2,partial,Urban emergency MANET setting; V3 extraction pending
M0018,2026,AI-enhanced routing and slicing strategy for QoS-aware mobile ad hoc networks,Scientific Reports,10.1038/s41598-025-34588-x,MANET,empirical method,DRL;QoS;network slicing,QoS intelligent-routing evidence,V2,yes,DRL plus adaptive slicing; V3 extraction pending
M0019,2026,Energy-aware and trust-based secure routing in MANETs using swarm intelligence techniques,Scientific Reports,10.1038/s41598-025-33702-3,MANET,empirical method,energy;trust;swarm,energy-security optimization evidence,V2,yes,Recent multi-objective routing evidence; V3 extraction pending
M0020,2025,A Comprehensive Survey on Routing Algorithms in Mobile Adhoc Network,ICCK Transactions on Wireless Networks,10.62762/TWN.2025.809329,MANET,review,classical;hybrid,closest-review evidence,V2,yes,Protocol-class overview; no controlled common benchmark identified in abstract-level verification
M0021,2020,Survey on Power-Aware Optimization Solutions for MANETs,Electronics,10.3390/electronics9071129,MANET,survey,energy;cross-layer;optimization,energy taxonomy and open-problem evidence,V2,yes,Power-aware optimization survey; historical anchor for energy-aware branch
M0022,2000,GPSR: Greedy Perimeter Stateless Routing for Wireless Networks,ACM MobiCom,10.1145/345910.345953,wireless ad hoc/foundational,foundational,GPSR,geographic routing mechanism,V2,yes,Greedy forwarding with perimeter recovery using geographic position
M0023,2013,MQ-Routing: Mobility GPS and energy-aware routing protocol in MANETs for disaster relief scenarios,Ad Hoc Networks,,MANET,empirical method,Q-learning;energy;mobility,early RL routing evidence,V2,yes,Q-routing extended to mobile disaster scenarios with mobility GPS and energy awareness
M0024,2015,A Q-Routing Protocol Using Self-Aware Approach for Mobile Ad hoc Networks,American Journal of Applied Sciences,10.3844/ajassp.2015.1014.1022,MANET,empirical method,Q-learning;QoS,adaptive RL routing evidence,V2,yes,Acknowledgment feedback updates stability-delay reward for online routing adaptation
M0025,2017,Ant based multipath backbone routing for load balancing in MANET,IET Communications,10.1049/iet-com.2016.0574,MANET,empirical method,ACO;multipath;load balancing,metaheuristic primary evidence,V2,yes,Ant-colony multipath selection using availability delay and bandwidth
M0026,2024,SD-GPSR: A Software-Defined Greedy Perimeter Stateless Routing Method Based on Geographic Location Information,Future Internet,10.3390/fi16070251,SD-MANET,empirical method,geographic;SDN;A*,geographic cross-layer evidence,V2,yes,Location-aware data-plane forwarding with A* void recovery
M0027,2024,Enhancing MANET Security Through Federated Learning and Multiobjective Optimization: A Trust-Aware Routing Framework,IEEE Access,10.1109/ACCESS.2024.3505236,MANET,empirical method,federated learning;trust;security,multiobjective federated evidence,V2,yes,Trust-aware secure routing using federated learning and multiobjective optimization
M0028,2025,Multi-Agent Deep Reinforcement Learning for Dynamic Routing in MANETs Using Graph Neural Networks,IEEE Access,10.1109/ACCESS.2025.3601994,MANET,empirical method,MARL;GNN,dynamic intelligent routing evidence,V2,yes,Real-time GNN embedding updates with decentralized multi-agent execution
M0029,2026,Non-Convolutional Decision Transformer Graph Neural Network for Trust-Aware Routing in 6G-Enabled MANET-IoT Networks,International Journal of Communication Systems,10.1002/dac.70437,MANET-IoT,empirical method,GNN;transformer;trust,trust-aware GNN evidence,V2,partial,MANET-IoT boundary evidence
M0030,2026,Q-Learning Routing Protocol for Secure Manets,Lecture Notes in Networks and Systems,10.1007/978-3-032-31523-6_24,MANET,empirical method,Q-learning;security;reputation,secure adaptive routing evidence,V2,yes,Reputation-based Q-learning route selection with autoencoder-supported learning
