section,target_pages,role
Introduction,2.0,motivation scope nonredundancy contributions
Review Methodology and Evidence Model,2.0,search selection verification comparability maturity
Evolution and Unified Taxonomy,4.0,causal history and tutorial taxonomy
Complete Status and Evidence Synthesis,5.0,family status evidence maturity costs limitations
Why Results Disagree,3.0,comparability propagation mobility load metrics implementation
Reproducibility and Controlled Observatory,3.0,implementation provenance benchmark methodology
Applicability Ranking Stability and Failure Frontiers,3.5,controlled synthesis and frontier evidence
Evidence-Backed Gap Atlas and Research Obligations,2.5,verified gaps future falsifiable work
Researcher Evaluation Guidance,1.5,how future studies should be designed
Threats to Validity,1.0,review and experimental validity
Conclusion,0.5,established conditional unresolved
Reserve,2.0,layout references figure/table pressure
TOTAL,30.0,current initial-submission ceiling
