scenario,A,B,n,mean_diff_pdr,median_diff_pdr,ci95_lo,ci95_hi,A_win_fraction,B_win_fraction,tie_fraction,wilcoxon_p,holm_p
S2_BASE,AODV,DSDV,20,0.1945,0.2050,0.1110,0.2900,0.70,0.20,0.10,0.0014,0.0070
S2_BASE,AODV,DSR,20,-0.0015,-0.0750,-0.1170,0.1255,0.35,0.55,0.10,0.8226,0.8638
S2_BASE,AODV,OLSR,20,0.2170,0.2250,0.1510,0.2875,0.90,0.00,0.10,0.0001,0.0007
S2_BASE,DSDV,DSR,20,-0.1960,-0.1750,-0.3140,-0.0830,0.15,0.75,0.10,0.0054,0.0168
S2_BASE,DSDV,OLSR,20,0.0225,0.0100,-0.0335,0.0805,0.50,0.35,0.15,0.4319,0.8638
S2_BASE,DSR,OLSR,20,0.2185,0.2450,0.1185,0.3225,0.65,0.20,0.15,0.0042,0.0168
S2_FAST,AODV,DSDV,20,0.1405,0.1400,0.0910,0.1900,0.80,0.15,0.05,0.0004,0.0020
S2_FAST,AODV,DSR,20,-0.0190,0.0250,-0.1305,0.0850,0.50,0.45,0.05,0.8960,0.8960
S2_FAST,AODV,OLSR,20,0.1645,0.1750,0.1055,0.2205,0.85,0.15,0.00,0.0003,0.0020
S2_FAST,DSDV,DSR,20,-0.1595,-0.0950,-0.2555,-0.0725,0.15,0.75,0.10,0.0036,0.0107
S2_FAST,DSDV,OLSR,20,0.0240,0.0100,-0.0010,0.0495,0.60,0.25,0.15,0.0516,0.1033
S2_FAST,DSR,OLSR,20,0.1835,0.1400,0.0920,0.2865,0.85,0.05,0.10,0.0005,0.0020
S2_LOAD,AODV,DSDV,20,0.2222,0.2360,0.1236,0.3314,0.75,0.15,0.10,0.0012,0.0061
S2_LOAD,AODV,DSR,20,0.0500,0.0000,-0.0506,0.1608,0.45,0.45,0.10,0.6538,1.0000
S2_LOAD,AODV,OLSR,20,0.2338,0.2860,0.1484,0.3220,0.80,0.10,0.10,0.0007,0.0043
S2_LOAD,DSDV,DSR,20,-0.1722,-0.1980,-0.2762,-0.0642,0.20,0.70,0.10,0.0084,0.0253
S2_LOAD,DSDV,OLSR,20,0.0116,0.0200,-0.0444,0.0756,0.55,0.30,0.15,0.6806,1.0000
S2_LOAD,DSR,OLSR,20,0.1838,0.1780,0.1026,0.2700,0.70,0.20,0.10,0.0018,0.0072
S2_SCALE,AODV,DSDV,20,0.2175,0.1650,0.1295,0.3110,0.80,0.10,0.10,0.0005,0.0027
S2_SCALE,AODV,DSR,20,0.1625,0.0850,0.0280,0.2950,0.70,0.15,0.15,0.0109,0.0437
S2_SCALE,AODV,OLSR,20,0.2750,0.2400,0.1860,0.3685,0.90,0.00,0.10,0.0001,0.0007
S2_SCALE,DSDV,DSR,20,-0.0550,0.0000,-0.1690,0.0420,0.30,0.45,0.25,0.4396,0.4396
S2_SCALE,DSDV,OLSR,20,0.0575,0.0000,0.0080,0.1110,0.45,0.20,0.35,0.0849,0.2293
S2_SCALE,DSR,OLSR,20,0.1125,0.0200,0.0225,0.2120,0.50,0.25,0.25,0.0764,0.2293
